path,kernel,iters,ns_total,ns_per_call,sink
native,point_sum,2000000000,604073400,0.302,14000000000
native,buffer_fill,2000000000,1403778500,0.702,2000000000
native,buffer_checksum,2000000000,1467337180,0.734,0
native,buffer_size,2000000000,524700200,0.262,2000000000
native,shape_area,2000000000,1296563760,0.648,25132000000000
native,shape_sides,2000000000,1247954800,0.624,0
dci,point_sum,2000000000,601024480,0.301,14000000000
dci,buffer_fill,2000000000,1276341760,0.638,2000000000
dci,buffer_checksum,2000000000,1448353980,0.724,0
dci,buffer_size,2000000000,533766460,0.267,2000000000
dci,shape_area,2000000000,1265947280,0.633,25132000000000
dci,shape_sides,2000000000,1217240600,0.609,0
bindgen,point_sum,2000000000,630364780,0.315,14000000000
bindgen,buffer_fill,2000000000,1663964060,0.832,2000000000
bindgen,buffer_checksum,2000000000,2831799640,1.416,0
bindgen,buffer_size,2000000000,911285320,0.456,2000000000
bindgen,shape_area,2000000000,1693522520,0.847,25132000000000
bindgen,shape_sides,2000000000,966356780,0.483,0
cxx,point_sum,2000000000,717734760,0.359,14000000000
cxx,buffer_fill,2000000000,2132522760,1.066,2000000000
cxx,buffer_checksum,2000000000,3106375120,1.553,0
cxx,buffer_size,2000000000,1399592380,0.700,2000000000
cxx,shape_area,2000000000,2220669960,1.110,25132000000000
cxx,shape_sides,2000000000,1558131860,0.779,0
