repeat,path,kernel,iters,ns_total,ns_per_call,sink
1,native,point_sum,2000000000,635353900,0.318,14000000000
1,native,buffer_fill,2000000000,1314661600,0.657,2000000000
1,native,buffer_checksum,2000000000,1460190300,0.730,0
1,native,buffer_size,2000000000,550442700,0.275,2000000000
1,native,shape_area,2000000000,1237312000,0.619,25132000000000
1,native,shape_sides,2000000000,1219552400,0.610,0
2,native,point_sum,2000000000,578019000,0.289,14000000000
2,native,buffer_fill,2000000000,1696886800,0.848,2000000000
2,native,buffer_checksum,2000000000,1454703700,0.727,0
2,native,buffer_size,2000000000,510659600,0.255,2000000000
2,native,shape_area,2000000000,1290979100,0.645,25132000000000
2,native,shape_sides,2000000000,1268565600,0.634,0
3,native,point_sum,2000000000,586395000,0.293,14000000000
3,native,buffer_fill,2000000000,1312835500,0.656,2000000000
3,native,buffer_checksum,2000000000,1470819000,0.735,0
3,native,buffer_size,2000000000,526548500,0.263,2000000000
3,native,shape_area,2000000000,1307832000,0.654,25132000000000
3,native,shape_sides,2000000000,1279645200,0.640,0
4,native,point_sum,2000000000,617168300,0.309,14000000000
4,native,buffer_fill,2000000000,1338929500,0.669,2000000000
4,native,buffer_checksum,2000000000,1473145700,0.737,0
4,native,buffer_size,2000000000,519193600,0.260,2000000000
4,native,shape_area,2000000000,1252893100,0.626,25132000000000
4,native,shape_sides,2000000000,1232955000,0.616,0
5,native,point_sum,2000000000,603430800,0.302,14000000000
5,native,buffer_fill,2000000000,1355579100,0.678,2000000000
5,native,buffer_checksum,2000000000,1477827200,0.739,0
5,native,buffer_size,2000000000,516656600,0.258,2000000000
5,native,shape_area,2000000000,1393802600,0.697,25132000000000
5,native,shape_sides,2000000000,1239055800,0.620,0
6,dci,point_sum,2000000000,582699900,0.291,14000000000
6,dci,buffer_fill,2000000000,1277141800,0.639,2000000000
6,dci,buffer_checksum,2000000000,1453788700,0.727,0
6,dci,buffer_size,2000000000,542612400,0.271,2000000000
6,dci,shape_area,2000000000,1241337400,0.621,25132000000000
6,dci,shape_sides,2000000000,1217153000,0.609,0
7,dci,point_sum,2000000000,617322600,0.309,14000000000
7,dci,buffer_fill,2000000000,1285253100,0.643,2000000000
7,dci,buffer_checksum,2000000000,1451491700,0.726,0
7,dci,buffer_size,2000000000,517293900,0.259,2000000000
7,dci,shape_area,2000000000,1237499800,0.619,25132000000000
7,dci,shape_sides,2000000000,1222727000,0.611,0
8,dci,point_sum,2000000000,563822200,0.282,14000000000
8,dci,buffer_fill,2000000000,1246635200,0.623,2000000000
8,dci,buffer_checksum,2000000000,1449806900,0.725,0
8,dci,buffer_size,2000000000,551207700,0.276,2000000000
8,dci,shape_area,2000000000,1237546100,0.619,25132000000000
8,dci,shape_sides,2000000000,1213345700,0.607,0
9,dci,point_sum,2000000000,629937000,0.315,14000000000
9,dci,buffer_fill,2000000000,1314547500,0.657,2000000000
9,dci,buffer_checksum,2000000000,1440952900,0.720,0
9,dci,buffer_size,2000000000,498970700,0.249,2000000000
9,dci,shape_area,2000000000,1357733600,0.679,25132000000000
9,dci,shape_sides,2000000000,1215120600,0.608,0
10,dci,point_sum,2000000000,611340700,0.306,14000000000
10,dci,buffer_fill,2000000000,1258131200,0.629,2000000000
10,dci,buffer_checksum,2000000000,1445729700,0.723,0
10,dci,buffer_size,2000000000,558747600,0.279,2000000000
10,dci,shape_area,2000000000,1255619500,0.628,25132000000000
10,dci,shape_sides,2000000000,1217856700,0.609,0
11,bindgen,point_sum,2000000000,615225500,0.308,14000000000
11,bindgen,buffer_fill,2000000000,1653266500,0.827,2000000000
11,bindgen,buffer_checksum,2000000000,2825906600,1.413,0
11,bindgen,buffer_size,2000000000,928443700,0.464,2000000000
11,bindgen,shape_area,2000000000,1687638700,0.844,25132000000000
11,bindgen,shape_sides,2000000000,960132800,0.480,0
12,bindgen,point_sum,2000000000,637569400,0.319,14000000000
12,bindgen,buffer_fill,2000000000,1685341900,0.843,2000000000
12,bindgen,buffer_checksum,2000000000,2825382900,1.413,0
12,bindgen,buffer_size,2000000000,913601700,0.457,2000000000
12,bindgen,shape_area,2000000000,1687026800,0.844,25132000000000
12,bindgen,shape_sides,2000000000,969170200,0.485,0
13,bindgen,point_sum,2000000000,646873600,0.323,14000000000
13,bindgen,buffer_fill,2000000000,1654353200,0.827,2000000000
13,bindgen,buffer_checksum,2000000000,2832061800,1.416,0
13,bindgen,buffer_size,2000000000,921248100,0.461,2000000000
13,bindgen,shape_area,2000000000,1720002900,0.860,25132000000000
13,bindgen,shape_sides,2000000000,969876800,0.485,0
14,bindgen,point_sum,2000000000,626372700,0.313,14000000000
14,bindgen,buffer_fill,2000000000,1680457900,0.840,2000000000
14,bindgen,buffer_checksum,2000000000,2838042700,1.419,0
14,bindgen,buffer_size,2000000000,894019800,0.447,2000000000
14,bindgen,shape_area,2000000000,1691087300,0.846,25132000000000
14,bindgen,shape_sides,2000000000,939461300,0.470,0
15,bindgen,point_sum,2000000000,625782700,0.313,14000000000
15,bindgen,buffer_fill,2000000000,1646400800,0.823,2000000000
15,bindgen,buffer_checksum,2000000000,2837604200,1.419,0
15,bindgen,buffer_size,2000000000,899113300,0.450,2000000000
15,bindgen,shape_area,2000000000,1681856900,0.841,25132000000000
15,bindgen,shape_sides,2000000000,993142800,0.497,0
16,cxx,point_sum,2000000000,732698600,0.366,14000000000
16,cxx,buffer_fill,2000000000,2286117900,1.143,2000000000
16,cxx,buffer_checksum,2000000000,3056428400,1.528,0
16,cxx,buffer_size,2000000000,1338336700,0.669,2000000000
16,cxx,shape_area,2000000000,2193910800,1.097,25132000000000
16,cxx,shape_sides,2000000000,1515096600,0.758,0
17,cxx,point_sum,2000000000,689108000,0.345,14000000000
17,cxx,buffer_fill,2000000000,2075363700,1.038,2000000000
17,cxx,buffer_checksum,2000000000,3088834100,1.544,0
17,cxx,buffer_size,2000000000,1435097300,0.718,2000000000
17,cxx,shape_area,2000000000,2183303300,1.092,25132000000000
17,cxx,shape_sides,2000000000,1531954300,0.766,0
18,cxx,point_sum,2000000000,718333300,0.359,14000000000
18,cxx,buffer_fill,2000000000,2101331800,1.051,2000000000
18,cxx,buffer_checksum,2000000000,3072869800,1.536,0
18,cxx,buffer_size,2000000000,1443241200,0.722,2000000000
18,cxx,shape_area,2000000000,2227160800,1.114,25132000000000
18,cxx,shape_sides,2000000000,1522507700,0.761,0
19,cxx,point_sum,2000000000,724229000,0.362,14000000000
19,cxx,buffer_fill,2000000000,2084733200,1.042,2000000000
19,cxx,buffer_checksum,2000000000,3188772700,1.594,0
19,cxx,buffer_size,2000000000,1422169000,0.711,2000000000
19,cxx,shape_area,2000000000,2358010700,1.179,25132000000000
19,cxx,shape_sides,2000000000,1636264700,0.818,0
20,cxx,point_sum,2000000000,724304900,0.362,14000000000
20,cxx,buffer_fill,2000000000,2115067200,1.058,2000000000
20,cxx,buffer_checksum,2000000000,3124970600,1.562,0
20,cxx,buffer_size,2000000000,1359117700,0.680,2000000000
20,cxx,shape_area,2000000000,2140964200,1.070,25132000000000
20,cxx,shape_sides,2000000000,1584836000,0.792,0
