id,family,dci,bindgen,cxx,description
point_sum,pod_register,bound,bound,bound,POD single INTEGER eightbyte by value
point_translate,pod_aggregate_return,bound,bound,bound,POD aggregate returned by value
rect_area,pod_nested,bound,bound,bound,"nested POD, two INTEGER eightbytes by value"
vec2_dot,pod_sse,bound,bound,bound,SSE aggregate (two doubles) by value
span_checksum,pod_ptr_int,bound,bound,bound,pointer+integer aggregate by value
quad_sum,pod_memory,bound,bound,bound,memory-class aggregate (32B) by value
quad_scale,pod_memory_return,bound,bound,bound,memory-class aggregate returned by value
color_next,enum_scoped,bound,bound,bound,scoped enum lowered to integer
status_step,enum_unscoped,bound,bound,bound,unscoped fixed-underlying enum
packed_layout,packed,bound,bound,mismatch_layout,packed record layout (size 5)
buffer_handle,nontrivial_handle,bound,bound,bound,non-trivial type via methods/handle
buffer_value,nontrivial_value,rejected,unsupported,rejected,non-trivial type passed by value
shape_virtual,virtual,bound,bound,bound,polymorphic hierarchy / virtual dispatch
checked_divide,exception,bound,bound,bound,function that throws across the boundary
